Algorithm,Average Waiting Time,Average Turnaround Time,Average Response Time,CPU Utilization,Throughput
FCFS,8.75,13.75,8.75,95.23809523809523,0.19047619047619047
SJF,8.375,13.375,8.375,95.23809523809523,0.19047619047619047
SRTF,8.375,13.375,8.375,95.23809523809523,0.19047619047619047
Priority,10.5,15.5,10.5,95.23809523809523,0.19047619047619047
Priority Preemptive,12.375,17.375,8.5,95.23809523809523,0.19047619047619047
HRRN,8.625,13.625,8.625,95.23809523809523,0.19047619047619047
Round Robin,14.875,19.875,3.25,95.23809523809523,0.19047619047619047
